{
    "source_data_dir": "../data/data_new/test_data.json",
    "H": [
        0.9316349879026982,
        0.018405684619562775,
        -0.36292902899771484,
        0.4428866399620442,
        0.23890360165007415,
        -0.7835782088922858,
        0.5735244194171504,
        -0.7719299502417707,
        -0.273827168911636,
        -0.6210204677165169,
        -0.7344060595086319,
        0.4739357263125912,
        0.0,
        0.0,
        0.0,
        1.0
    ],
    "position": [
        0.4428866399620442,
        -0.7719299502417707,
        0.4739357263125912
    ],
    "rot_euler_sxyz": [
        -2.439653246448783,
        0.2773700509452743,
        0.25102568563363514
    ],
    "rot_quat_wxyz": [
        0.3215784194802957,
        -0.9286575332574997,
        -0.06926915387394217,
        0.17141846566294694
    ]
}