{
    "source_data_dir": "../data/data_old/data.txt",
    "H": [
        0.9316349879026984,
        0.2389036016500741,
        -0.2738271689116361,
        -0.09841536594672744,
        0.018405684619562965,
        -0.7835782088922865,
        -0.6210204677165181,
        -0.31869533319590493,
        -0.3629290289977148,
        0.5735244194171505,
        -0.7344060595086327,
        0.9515183639621982,
        0.0,
        0.0,
        0.0,
        1.0
    ],
    "position": [
        -0.09841536594672744,
        -0.31869533319590493,
        0.9515183639621982
    ],
    "rot_euler_sxyz": [
        2.4785844346869563,
        0.3714093296694195,
        0.01975375631379203
    ],
    "rot_quat_wxyz": [
        0.32157841948029564,
        0.9286575332574998,
        0.06926915387394217,
        -0.1714184656629469
    ]
}