{
    "H": [
        0.9818041220393928, 
        0.042996152932613635, 
        -0.18496485282196876, 
        637.9499986448254, 
        0.022840445391444166, 
        -0.9936965264163546, 
        -0.10975211816813775, 
        102.73910277635592, 
        -0.18851785061573806, 
        0.10353040239981548, 
        -0.9765973969749021, 
        1155.7796114548398, 
        0.0, 
        0.0, 
        0.0, 
        1.0
    ], 
    "rot_euler_sxyz": [
        3.0359757860275933, 
        0.18965271740513978, 
        0.023259554308563468
    ], 
    "rot_quat_wxyz": [
        0.05364279692590761, 
        0.993994220988061, 
        0.016558596854470184, 
        -0.0939348276759732
    ], 
    "position": [
        637.9499986448254, 
        102.73910277635592, 
        1155.7796114548398
    ]
}