{
    "0": {
        "p_cam": [
            32.279258728027344, 
            -171.7603759765625, 
            726.7650756835938
        ], 
        "p_robot": [
            0.5280254928541637, 
            0.19441282433358834, 
            0.4221375887795314
        ], 
        "robot_pose": [
            0.5280254928541637, 
            0.19441282433358834, 
            0.4221375887795314, 
            0.9883388095826656, 
            -0.01680343436124874, 
            -0.0921353440192519, 
            -0.12006298534036505
        ]
    }, 
    "1": {
        "p_cam": [
            25.271629333496094, 
            -162.06983947753906, 
            686.6363525390625
        ], 
        "p_robot": [
            0.52898246196398, 
            0.1890994484397116, 
            0.46376246217510586
        ], 
        "robot_pose": [
            0.52898246196398, 
            0.1890994484397116, 
            0.46376246217510586, 
            0.988338361785888, 
            -0.016920397494026157, 
            -0.09201207339170683, 
            -0.1201447507017709
        ]
    }, 
    "2": {
        "p_cam": [
            25.00665283203125, 
            -162.15528869628906, 
            686.4921264648438
        ], 
        "p_robot": [
            0.5288952169131952, 
            0.18916895953141635, 
            0.4638995883497117
        ], 
        "robot_pose": [
            0.5288952169131952, 
            0.18916895953141635, 
            0.4638995883497117, 
            0.9883928636341781, 
            -0.01662203847952637, 
            -0.09209883482040314, 
            -0.11967062955687227
        ]
    }, 
    "3": {
        "p_cam": [
            -92.83106994628906, 
            -155.30718994140625, 
            712.8233032226562
        ], 
        "p_robot": [
            0.40813778727749445, 
            0.17663344577642032, 
            0.4609533387566418
        ], 
        "robot_pose": [
            0.40813778727749445, 
            0.17663344577642032, 
            0.4609533387566418, 
            0.9883904708181259, 
            -0.017047404524521886, 
            -0.09228346839541485, 
            -0.11948817789142634
        ]
    }, 
    "4": {
        "p_cam": [
            -151.95777893066406, 
            -152.26231384277344, 
            726.4968872070312
        ], 
        "p_robot": [
            0.34769576625269905, 
            0.17043322763011898, 
            0.4593005312637099
        ], 
        "robot_pose": [
            0.34769576625269905, 
            0.17043322763011898, 
            0.4593005312637099, 
            0.9883040871598795, 
            -0.016951040720769736, 
            -0.09242565684031481, 
            -0.12010491863032258
        ]
    }, 
    "5": {
        "p_cam": [
            -210.87759399414062, 
            -148.37158203125, 
            739.7786865234375
        ], 
        "p_robot": [
            0.28730529193885557, 
            0.16415403632002679, 
            0.45778198206044757
        ], 
        "robot_pose": [
            0.28730529193885557, 
            0.16415403632002679, 
            0.45778198206044757, 
            0.988399865042003, 
            -0.01646057623410769, 
            -0.09259913919218694, 
            -0.11924829405847931
        ]
    }
}